id,time_stamp,gesture,accelerometer_x,accelerometer_y,accelerometer_z
0,1689162109112,THROW,0.27928457,0.5855829,0.83480483
1,1689162109143,THROW,0.22397648,0.5540567,0.84956175