id,time_stamp,gesture,accelerometer_x,accelerometer_y,accelerometer_z
0,1689159078015,TILT_LEFT,0.07128465,0.2862972,0.8951132
1,1689159078047,TILT_LEFT,0.08043153,0.2532465,0.97084934
2,1689159078078,TILT_LEFT,0.03750219,0.23233064,0.97060543