id,time_stamp,gesture,accelerometer_x,accelerometer_y,accelerometer_z
0,1689159628759,TILT_LEFT,0.09409086,0.15878975,0.986521
1,1689159628791,TILT_LEFT,0.09707884,0.17232713,0.97584957