id,time_stamp,gesture,accelerometer_x,accelerometer_y,accelerometer_z
0,1689159067297,TILT_LEFT,-0.064637914,0.21031716,0.8719411
1,1689159067329,TILT_LEFT,-0.033965394,0.2119026,0.9955459