id,time_stamp,gesture,accelerometer_x,accelerometer_y,accelerometer_z
0,1689159070735,TILT_LEFT,-0.09146875,0.22909874,0.97914255
1,1689159070766,TILT_LEFT,-0.07341892,0.20885365,0.9856063