id,time_stamp,gesture,accelerometer_x,accelerometer_y,accelerometer_z
0,1689159068110,TILT_LEFT,0.021525647,0.2409287,0.95511675
1,1689159068141,TILT_LEFT,-0.0015854583,0.23391607,1.0281698