id,time_stamp,gesture,accelerometer_x,accelerometer_y,accelerometer_z
0,1689159612479,TILT_LEFT,0.12140953,0.1197021,0.9979241
1,1689159612510,TILT_LEFT,0.11866546,0.13366634,0.97463006