id,time_stamp,gesture,accelerometer_x,accelerometer_y,accelerometer_z
0,1689159050311,TILT_LEFT,0.100005835,0.18360828,0.97981334
1,1689159050342,TILT_LEFT,0.098420374,0.19623096,0.99280185
2,1689159050373,TILT_LEFT,0.1367153,0.21580528,0.9063333