id,time_stamp,gesture,accelerometer_x,accelerometer_y,accelerometer_z
0,1689159608917,TILT_LEFT,0.061162103,0.16293633,0.95383614
1,1689159608948,TILT_LEFT,0.061527982,0.15738723,1.0226207