id,time_stamp,gesture,accelerometer_x,accelerometer_y,accelerometer_z
0,1689159047967,TILT_LEFT,-0.029087063,0.24885598,0.9343838
1,1689159047998,TILT_LEFT,-0.0064028124,0.2394042,0.96792233