id,time_stamp,gesture,accelerometer_x,accelerometer_y,accelerometer_z
0,1689159585782,TILT_LEFT,0.103115775,0.13427612,1.0200596
1,1689159585813,TILT_LEFT,0.123055965,0.15031365,1.027377