id,time_stamp,gesture,accelerometer_x,accelerometer_y,accelerometer_z
0,1689159061026,TILT_LEFT,0.03445323,0.22172025,0.98926497
1,1689159061057,TILT_LEFT,0.09274931,0.26964986,0.9560924